model_name,mae,Average_Prediction_for_1_Star,Average_Prediction_for_2_Star,Average_Prediction_for_3_Star,Average_Prediction_for_4_Star,Average_Prediction_for_5_Star,Prediction_Skewness_for_1_Star,Prediction_Skewness_for_2_Star,Prediction_Skewness_for_3_Star,Prediction_Skewness_for_4_Star,Prediction_Skewness_for_5_Star
2.0-Baseline-No-Regularization,0.744917377985513,2.6647589206695557,2.947999954223633,3.5617454051971436,4.222000598907471,4.534963607788086,0.38744667172431946,0.2769991457462311,-0.3190525770187378,-1.1951665878295898,-1.828822374343872
2.0-RNN-No-Regularization,0.7833461796949993,2.57564115524292,2.9279701709747314,3.5520105361938477,4.168783187866211,4.447192668914795,0.3501211702823639,0.106965571641922,-0.5621151328086853,-1.5899299383163452,-2.6397054195404053
2.0-GRU-No-Regularization,0.7721423676561316,2.4848499298095703,2.8392317295074463,3.522477149963379,4.15972375869751,4.4522600173950195,0.5512375831604004,0.1963341236114502,-0.609692394733429,-1.710961103439331,-2.8207175731658936
2.0-LSTM-No-Regularization,0.7562486548448432,2.520700693130493,2.8738508224487305,3.549612283706665,4.187370777130127,4.481379508972168,0.5175485610961914,0.15499970316886902,-0.6790957450866699,-1.8199572563171387,-2.9402596950531006
2.1-Baseline-Regularized,0.7084118347917162,2.7115349769592285,2.99570631980896,3.62435245513916,4.324238300323486,4.62362003326416,0.6525494456291199,0.5264154076576233,-0.13402120769023895,-1.1437331438064575,-1.9889012575149536
2.1-RNN-Regularized-Bidirectional,0.6923535123948261,2.5312767028808594,2.897035598754883,3.6069321632385254,4.333372592926025,4.655765056610107,0.5836955904960632,0.32639363408088684,-0.42514628171920776,-1.5064200162887573,-2.7444190979003906
2.1-RNN-Regularized-Bidirectional,0.6915399455056641,2.6295199394226074,2.9694504737854004,3.646338939666748,4.341516971588135,4.6685261726379395,0.4983007609844208,0.2531783878803253,-0.4564781188964844,-1.439491868019104,-2.6184449195861816
2.1-GRU-Regularization-Bidirectional,0.6789726222239902,2.61641526222229,2.973893880844116,3.6812379360198975,4.399115085601807,4.693103790283203,0.49715301394462585,0.23385101556777954,-0.44023770093917847,-1.552567481994629,-2.613682985305786
2.1-LSTM-Regularization-Bidirectional,0.6827703237475633,2.5450682640075684,2.8805289268493652,3.6043546199798584,4.346263408660889,4.668164253234863,0.8058657050132751,0.46311140060424805,-0.27092090249061584,-1.3576250076293945,-2.405304193496704
