model_name,mae,Average_Prediction_for_1_Star,Average_Prediction_for_2_Star,Average_Prediction_for_3_Star,Average_Prediction_for_4_Star,Average_Prediction_for_5_Star,Prediction_Skewness_for_1_Star,Prediction_Skewness_for_2_Star,Prediction_Skewness_for_3_Star,Prediction_Skewness_for_4_Star,Prediction_Skewness_for_5_Star
2.0-Baseline-No-Regularization,0.7429187666448455,2.6722655296325684,2.973604679107666,3.5756986141204834,4.226134777069092,4.534423828125,0.35366055369377136,0.23295365273952484,-0.3094787001609802,-1.1502763032913208,-1.7655754089355469
2.0-RNN-No-Regularization,0.7907937264296776,2.653959274291992,2.9463815689086914,3.5810296535491943,4.205197811126709,4.449437141418457,0.4042260944843292,0.13779953122138977,-0.6325323581695557,-1.8772002458572388,-2.843937873840332
2.0-GRU-No-Regularization,0.7706682471585253,2.5556933879852295,2.890089750289917,3.5589537620544434,4.193904399871826,4.467925071716309,0.48524999618530273,0.1429458111524582,-0.6831501722335815,-1.8783830404281616,-2.993015766143799
2.0-LSTM-No-Regularization,0.7744239736843367,2.555025815963745,2.8945398330688477,3.5617637634277344,4.195704460144043,4.467461109161377,0.4759649336338043,0.1319805085659027,-0.6831847429275513,-1.9068827629089355,-3.1012306213378906
